id,area,major_axis,minor_axis,angle,circularity,feret_diameter,aspect_ratio,roundness,solidity,defect_type
247LC.A.1,432.05,69.555,7.909,81.798,0.143,85.075,8.795,0.114,0.51,Crack
247LC.A.2,538.002,80.915,8.466,154.721,0.126,94.744,9.558,0.105,0.474,Crack
247LC.A.3,138.915,25.235,7.009,16.517,0.478,25.538,3.6,0.278,0.822,Crack
247LC.A.4,1643.438,48.896,42.794,156.904,0.729,50.532,1.143,0.875,0.923,Pore
247LC.A.5,143.624,37.861,4.83,128.603,0.149,48.825,7.839,0.128,0.441,Crack
247LC.A.6,196.6,38.072,6.575,105.186,0.195,47.753,5.79,0.173,0.504,Crack
247LC.A.7,1787.062,51.644,44.059,34.747,0.782,55.122,1.172,0.853,0.936,Pore
247LC.A.8,173.055,27.871,7.906,92.767,0.097,51.283,3.526,0.284,0.311,Crack
247LC.A.9,144.801,26.124,7.057,59.305,0.165,44.287,3.702,0.27,0.379,Crack
247LC.A.10,361.415,22.134,20.79,47.21,0.903,24.091,1.065,0.939,0.932,Pore
247LC.A.11,102.421,17.117,7.619,57.668,0.396,20.182,2.247,0.445,0.696,Crack
247LC.A.12,866.454,54.503,20.241,164.504,0.112,104.212,2.693,0.371,0.38,Crack
247LC.A.13,149.51,19.785,9.622,125.872,0.605,22.368,2.056,0.486,0.791,Crack
247LC.A.14,124.788,20.806,7.636,116.199,0.552,22.342,2.725,0.367,0.812,Crack
247LC.A.15,148.333,20.565,9.184,51.706,0.164,36.714,2.239,0.447,0.329,Crack
247LC.A.16,115.37,24.802,5.923,58.842,0.252,30.166,4.188,0.239,0.51,Crack
247LC.A.17,593.333,66.157,11.419,150.796,0.152,95.117,5.793,0.173,0.516,Crack
247LC.A.18,148.333,14.279,13.227,158.383,0.932,15.421,1.079,0.926,0.93,Pore
247LC.A.19,282.54,22.438,16.032,15.536,0.441,28.891,1.4,0.715,0.693,Pore with Crack
247LC.A.20,1679.933,46.845,45.66,139.546,0.663,58.751,1.026,0.975,0.885,Pore
247LC.A.21,1557.499,50.375,39.366,115.869,0.573,55.24,1.28,0.781,0.891,Pore with Crack
247LC.A.22,1025.383,40.219,32.461,126.973,0.865,41.543,1.239,0.807,0.948,Pore
247LC.A.23,507.394,57.638,11.209,123.585,0.289,61.855,5.142,0.194,0.668,Crack
247LC.A.24,104.775,26.682,5,89.066,0.242,31.54,5.337,0.187,0.571,Crack
247LC.A.25,174.233,46.541,4.767,163.278,0.165,51.581,9.764,0.102,0.592,Crack
247LC.A.26,523.875,69.788,9.558,122.325,0.196,75.951,7.302,0.137,0.579,Crack
247LC.A.27,467.367,26.748,22.247,30.307,0.895,28.829,1.202,0.832,0.934,Pore
247LC.A.28,1649.324,69.445,30.24,75.402,0.065,153.601,2.296,0.435,0.256,Crack
247LC.A.29,137.738,24.177,7.254,37.513,0.357,28.397,3.333,0.3,0.624,Crack
247LC.A.30,300.198,62.452,6.12,81.284,0.141,72.428,10.204,0.098,0.512,Crack
247LC.A.31,1278.491,46.664,34.884,111.055,0.828,47.107,1.338,0.748,0.944,Pore
247LC.A.32,482.672,64.214,9.57,130.865,0.247,68.631,6.71,0.149,0.662,Crack
247LC.A.33,113.016,30.328,4.745,143.77,0.271,33.425,6.392,0.156,0.61,Crack
247LC.A.34,197.778,57.707,4.364,29.474,0.131,62.912,13.224,0.076,0.553,Crack
247LC.A.35,1543.372,45.245,43.433,49.85,0.402,52.407,1.042,0.96,0.822,Pore
247LC.A.36,140.093,20.904,8.533,13.221,0.632,20.955,2.45,0.408,0.821,Crack
247LC.A.37,1331.467,59.22,28.627,148.825,0.188,93.096,2.069,0.483,0.588,Pore with Crack
247LC.A.38,342.579,45.748,9.535,140.679,0.16,71.182,4.798,0.208,0.433,Crack
247LC.A.39,174.233,21.807,10.173,132.739,0.319,26.688,2.144,0.466,0.613,Crack
247LC.A.40,142.447,40.287,4.502,101.075,0.16,47.27,8.949,0.112,0.514,Crack
247LC.A.41,216.614,19.102,14.439,47.204,0.885,20.842,1.323,0.756,0.934,Pore
247LC.A.42,296.666,37.402,10.099,71.363,0.192,56.421,3.704,0.27,0.458,Crack
247LC.A.43,107.13,31.448,4.337,96.829,0.288,31.07,7.25,0.138,0.689,Crack
247LC.A.44,135.384,17.924,9.617,56.663,0.303,25.423,1.864,0.537,0.518,Crack
247LC.A.45,983.002,38.743,32.305,70.652,0.802,40.51,1.199,0.834,0.926,Pore
247LC.A.46,2883.08,78.659,46.668,72.535,0.417,101.58,1.686,0.593,0.703,Pore with Crack
247LC.A.47,2014.271,60.871,42.133,23.011,0.222,75.562,1.445,0.692,0.673,Pore with Crack
247LC.A.48,3369.284,69.293,61.909,31.194,0.593,78.392,1.119,0.893,0.895,Pore
247LC.A.49,596.865,66.462,11.434,108.433,0.221,73.429,5.812,0.172,0.537,Pore with Crack
247LC.A.50,1849.457,51.787,45.471,23.697,0.821,55.622,1.139,0.878,0.947,Pore
247LC.A.51,676.918,34.928,24.676,164.584,0.808,36.602,1.415,0.706,0.92,Pore
247LC.A.52,200.132,22.922,11.117,10.644,0.235,37.081,2.062,0.485,0.453,Crack
247LC.A.53,310.793,40.399,9.795,11.457,0.128,67.253,4.124,0.242,0.36,Crack
247LC.A.54,463.836,82.549,7.154,54.478,0.104,100.912,11.538,0.087,0.5,Crack
247LC.A.55,699.285,30.206,29.476,136.932,0.768,34.737,1.025,0.976,0.907,Pore
247LC.A.56,167.169,24.977,8.522,81.596,0.375,31.07,2.931,0.341,0.659,Crack
247LC.A.57,1601.057,47.06,43.318,154.142,0.82,50.064,1.086,0.92,0.944,Pore
247LC.A.58,169.524,15.719,13.732,137.276,0.958,17.156,1.145,0.874,0.929,Pore
247LC.A.59,178.942,36.058,6.319,56.211,0.268,40.365,5.707,0.175,0.65,Crack
247LC.A.60,947.685,37.21,32.428,42.07,0.611,40.728,1.147,0.871,0.895,Pore
247LC.A.61,925.317,46.834,25.156,6.983,0.097,90.649,1.862,0.537,0.371,Crack
247LC.A.62,217.791,43.111,6.432,137.962,0.197,48.825,6.702,0.149,0.551,Crack
247LC.A.63,601.574,29.524,25.943,56.262,0.871,31.296,1.138,0.879,0.935,Pore
247LC.A.64,714.59,83.636,10.879,83.592,0.153,105.38,7.688,0.13,0.444,Crack
247LC.A.65,135.384,17.781,9.694,127.334,0.553,21.067,1.834,0.545,0.833,Crack
247LC.A.66,801.706,39.411,25.9,153.264,0.11,79.213,1.522,0.657,0.334,Crack
247LC.A.67,1014.788,91.321,14.149,165.312,0.177,110.01,6.454,0.155,0.539,Crack
247LC.A.68,3200.937,121.984,33.411,142.906,0.208,159.699,3.651,0.274,0.529,Pore with Crack
247LC.A.69,113.016,20.066,7.171,155.165,0.415,25.307,2.798,0.357,0.649,Crack
247LC.A.70,516.812,72.188,9.115,69.731,0.158,78.422,7.919,0.126,0.538,Crack
247LC.A.71,330.807,36.57,11.518,148.581,0.271,43.94,3.175,0.315,0.613,Crack
247LC.A.72,645.132,56.959,14.421,66.089,0.122,94.196,3.95,0.253,0.434,Crack
247LC.A.73,7354.268,110.704,84.584,4.64,0.239,164.997,1.309,0.764,0.633,Pore with Crack
247LC.A.74,586.269,46.036,16.215,175.119,0.309,54.941,2.839,0.352,0.651,Crack
247LC.A.75,548.598,40.965,17.051,51.193,0.131,75.25,2.403,0.416,0.342,Crack
247LC.A.76,216.614,28.211,9.776,127.597,0.202,43.738,2.886,0.347,0.444,Crack
247LC.A.77,256.64,31.184,10.479,16.662,0.566,32.132,2.976,0.336,0.823,Crack
247LC.A.78,1417.407,64.465,27.995,179.312,0.334,86.855,2.303,0.434,0.666,Pore with Crack
247LC.A.79,168.346,38.951,5.503,82.991,0.169,43.738,7.078,0.141,0.566,Crack
247LC.A.80,3793.093,81.878,58.984,9.301,0.381,124.72,1.388,0.72,0.722,Pore with Crack
247LC.A.81,1250.237,40.44,39.363,144.89,0.834,42.537,1.027,0.973,0.952,Pore
247LC.A.82,507.394,50.318,12.839,66.546,0.123,88.792,3.919,0.255,0.346,Crack
247LC.A.83,161.283,20.966,9.795,128.534,0.23,28.645,2.141,0.467,0.452,Crack
247LC.A.84,137.738,29.37,5.971,162.026,0.314,32.26,4.919,0.203,0.665,Crack
247LC.A.85,674.563,39.012,22.016,173.349,0.493,47.666,1.772,0.564,0.771,Pore with Crack
247LC.A.86,157.751,27.259,7.368,123.169,0.222,37.034,3.699,0.27,0.444,Crack
247LC.A.87,121.257,19.21,8.037,163.652,0.712,19.948,2.39,0.418,0.904,Crack
247LC.A.88,1325.581,41.447,40.722,169.097,0.836,44.06,1.018,0.983,0.94,Pore
247LC.A.89,120.079,22.194,6.889,134.316,0.454,24.599,3.222,0.31,0.729,Crack
247LC.A.90,380.251,23.972,20.196,68.763,0.895,25.607,1.187,0.842,0.932,Pore
247LC.A.91,1655.211,49.871,42.258,90.364,0.8,51.409,1.18,0.847,0.953,Pore
247LC.A.92,164.815,40.289,5.209,54.485,0.178,48.39,7.735,0.129,0.533,Crack
247LC.A.93,1413.875,46.826,38.445,115.427,0.784,48.487,1.218,0.821,0.92,Pore
247LC.A.94,224.854,45.069,6.352,39.438,0.276,46.263,7.095,0.141,0.673,Crack
247LC.A.95,394.378,44.589,11.261,109.342,0.421,43.684,3.959,0.253,0.731,Crack
247LC.A.96,545.066,26.837,25.86,13.864,0.902,28.48,1.038,0.964,0.939,Pore
247LC.A.97,316.68,54.782,7.36,152.755,0.177,63.127,7.443,0.134,0.587,Crack
247LC.A.98,157.751,23.574,8.52,22.39,0.55,25.399,2.767,0.361,0.805,Crack
247LC.A.99,195.423,35.913,6.928,51.248,0.238,43.94,5.183,0.193,0.6,Crack
247LC.A.100,1232.579,48.138,32.601,82.971,0.5,64.601,1.477,0.677,0.8,Pore with Crack
247LC.A.101,639.246,30.667,26.541,177.842,0.903,31.763,1.155,0.865,0.942,Pore
247LC.A.102,109.484,20.032,6.959,15.372,0.195,32.26,2.879,0.347,0.432,Crack
247LC.A.103,825.251,34.101,30.812,160.441,0.857,35.209,1.107,0.904,0.94,Pore
247LC.A.104,184.828,37.065,6.349,106.082,0.109,64.236,5.838,0.171,0.339,Crack
247LC.A.105,3386.942,74.841,57.621,106.773,0.838,74.826,1.299,0.77,0.962,Pore
247LC.A.106,138.915,25.512,6.933,91.7,0.472,26.399,3.68,0.272,0.871,Crack
247LC.A.107,788.756,33.484,29.993,141.706,0.856,35.591,1.116,0.896,0.93,Pore
247LC.A.108,202.487,36.006,7.16,103.214,0.269,39.211,5.028,0.199,0.553,Crack
247LC.A.109,151.865,22.414,8.627,77.814,0.612,23.422,2.598,0.385,0.857,Crack
247LC.A.110,2765.355,112.256,31.365,93.904,0.159,187.33,3.579,0.279,0.482,Pore with Crack
247LC.A.111,144.801,45.931,4.014,107.458,0.11,57.022,11.443,0.087,0.449,Crack
247LC.A.112,135.384,28.583,6.031,115.063,0.285,34.482,4.74,0.211,0.584,Crack
247LC.A.113,143.624,19.07,9.589,78.422,0.576,21.619,1.989,0.503,0.755,Crack
247LC.A.114,123.611,23.676,6.647,92.185,0.349,26.422,3.562,0.281,0.619,Crack
247LC.A.115,2669.998,70.406,48.285,35.554,0.321,111.249,1.458,0.686,0.642,Pore with Crack
247LC.A.116,387.315,75.087,6.568,90.293,0.147,80.32,11.433,0.087,0.649,Crack
247LC.A.117,455.595,67.818,8.554,81.792,0.176,81.086,7.929,0.126,0.618,Crack
247LC.A.118,149.51,15.663,12.154,160.318,0.929,16.562,1.289,0.776,0.914,Pore
247LC.A.119,287.249,44.441,8.23,69.21,0.153,58.681,5.4,0.185,0.406,Crack
247LC.A.120,104.775,21.232,6.283,81.37,0.462,23.422,3.379,0.296,0.771,Crack
247LC.A.121,764.034,32.089,30.316,17.429,0.905,33.966,1.058,0.945,0.947,Pore
247LC.A.122,933.558,38.291,31.043,13.793,0.813,41.586,1.233,0.811,0.932,Pore
247LC.A.123,323.743,24.409,16.887,64.278,0.911,25.237,1.445,0.692,0.935,Pore
247LC.A.124,302.553,39.66,9.713,120.478,0.128,69.415,4.083,0.245,0.298,Crack
247LC.A.125,2003.676,52.438,48.651,117.357,0.869,54.489,1.078,0.928,0.961,Pore
247LC.A.126,2067.247,98.596,26.696,99.726,0.185,139.169,3.693,0.271,0.534,Pore with Crack
247LC.A.127,667.5,33.212,25.59,175.952,0.696,37.113,1.298,0.771,0.894,Pore
247LC.A.128,400.264,25.604,19.905,89.82,0.291,38.115,1.286,0.777,0.601,Crack
247LC.A.129,862.923,42.572,25.808,72.659,0.214,72.135,1.65,0.606,0.458,Crack
247LC.A.130,328.452,28.059,14.904,6.336,0.662,28.952,1.883,0.531,0.889,Pore
247LC.A.131,1440.952,44.379,41.341,86.568,0.751,50.66,1.074,0.932,0.922,Pore
247LC.A.132,580.383,35.396,20.877,144.056,0.421,40.785,1.695,0.59,0.688,Pore with Crack
247LC.A.133,211.905,41.591,6.487,57.623,0.314,41.868,6.411,0.156,0.705,Crack
247LC.A.134,387.315,57.656,8.553,80.648,0.16,75.5,6.741,0.148,0.531,Crack
247LC.A.135,309.616,55.576,7.093,123.61,0.107,79.146,7.835,0.128,0.354,Crack
247LC.A.136,103.598,25.091,5.257,85.401,0.387,25.167,4.773,0.21,0.782,Crack
247LC.A.137,867.632,57.076,19.355,52.027,0.221,83.736,2.949,0.339,0.553,Pore with Crack
247LC.A.138,147.156,14.703,12.743,103.972,0.925,15.648,1.154,0.867,0.926,Pore
247LC.A.139,522.698,27.502,24.199,158.904,0.915,28.829,1.137,0.88,0.945,Pore
247LC.A.140,407.328,48.637,10.663,58.671,0.187,63.201,4.561,0.219,0.478,Crack
247LC.A.141,273.122,40.446,8.598,95.745,0.303,42.537,4.704,0.213,0.599,Crack
247LC.A.142,141.27,31.267,5.753,77.892,0.277,33.283,5.435,0.184,0.606,Crack
247LC.A.143,197.778,28.45,8.851,80.184,0.443,28.829,3.214,0.311,0.776,Crack
247LC.A.144,396.733,36.536,13.826,123.156,0.127,61.195,2.643,0.378,0.326,Crack
247LC.A.145,795.82,36.08,28.084,118.466,0.314,56.191,1.285,0.778,0.633,Crack
247LC.A.146,102.421,11.641,11.203,87.677,0.957,12.7,1.039,0.962,0.921,Pore
247LC.A.147,593.333,58.062,13.011,101.639,0.282,64.738,4.463,0.224,0.653,Crack
247LC.A.148,1300.859,107.533,15.403,109.638,0.143,142.649,6.981,0.143,0.455,Crack
247LC.A.149,359.061,60.68,7.534,77.967,0.224,63.201,8.054,0.124,0.688,Crack
247LC.A.150,238.981,40.703,7.476,81.341,0.318,42.371,5.445,0.184,0.744,Crack
247LC.A.151,844.087,38.362,28.015,33.989,0.816,39.495,1.369,0.73,0.923,Pore
247LC.A.152,277.831,19.989,17.697,106.823,0.902,20.871,1.13,0.885,0.92,Pore
247LC.A.153,171.878,39.959,5.477,131.737,0.218,44.92,7.296,0.137,0.559,Crack
247LC.A.154,1485.687,52.383,36.112,45.701,0.489,58.811,1.451,0.689,0.865,Pore
247LC.A.155,101.243,20.644,6.244,20.826,0.523,21.97,3.306,0.302,0.811,Crack
247LC.A.156,247.222,40.542,7.764,57.776,0.352,41.868,5.222,0.192,0.749,Crack
247LC.A.157,141.27,16.744,10.742,106.112,0.853,17.894,1.559,0.642,0.913,Pore
247LC.A.158,532.116,79.555,8.516,77.593,0.186,85.33,9.342,0.107,0.658,Crack
247LC.A.159,279.008,49.478,7.18,95.896,0.149,65.001,6.891,0.145,0.474,Crack
247LC.A.160,349.643,53.698,8.29,84.578,0.186,62.187,6.477,0.154,0.597,Crack
247LC.A.161,1756.454,54.314,41.175,81.493,0.33,77.91,1.319,0.758,0.692,Pore with Crack
247LC.A.162,649.841,37.296,22.185,30.615,0.248,47.107,1.681,0.595,0.52,Crack
247LC.A.163,223.677,23.688,12.023,166.787,0.47,27.125,1.97,0.508,0.785,Pore with Crack
247LC.A.164,654.55,45.053,18.498,47.246,0.142,75.234,2.436,0.411,0.373,Crack
247LC.A.165,299.021,33.95,11.214,60.508,0.434,37.034,3.027,0.33,0.69,Crack
247LC.A.166,140.093,24.589,7.254,74.391,0.341,29.515,3.39,0.295,0.609,Crack
247LC.A.167,174.233,21.279,10.425,65.923,0.334,31.07,2.041,0.49,0.637,Crack
247LC.A.168,299.021,29.697,12.82,92.048,0.235,44.697,2.316,0.432,0.522,Crack
247LC.A.169,115.37,12.804,11.472,125.229,0.906,13.724,1.116,0.896,0.883,Pore
247LC.A.170,695.754,61.204,14.474,106.486,0.215,83.172,4.229,0.236,0.538,Crack
247LC.A.171,1218.452,40.806,38.019,97.187,0.864,42.551,1.073,0.932,0.947,Pore
247LC.A.172,144.801,14.325,12.87,84.458,0.936,15.535,1.113,0.898,0.928,Pore
247LC.A.173,290.78,78.163,4.737,68.182,0.111,82.211,16.502,0.061,0.537,Crack
247LC.A.174,546.243,26.866,25.888,56.7,0.853,28.48,1.038,0.964,0.933,Pore
247LC.A.175,125.966,32.492,4.936,92.856,0.219,37.991,6.583,0.152,0.695,Crack
247LC.A.176,656.904,35.018,23.884,68.03,0.099,78.136,1.466,0.682,0.242,Crack
247LC.A.177,1167.83,41.765,35.602,172.935,0.883,42.744,1.173,0.852,0.949,Pore
247LC.A.178,240.159,32.245,9.483,72.695,0.292,41.529,3.4,0.294,0.557,Crack
247LC.A.179,109.484,14.009,9.951,98.362,0.7,15.112,1.408,0.71,0.819,Pore
247LC.A.180,1164.298,40.02,37.042,151.499,0.92,42.315,1.08,0.926,0.96,Pore
247LC.A.181,401.442,44.402,11.511,105.137,0.213,61.855,3.857,0.259,0.474,Crack
247LC.A.182,131.852,38.761,4.331,66.593,0.203,41.755,8.95,0.112,0.577,Crack
247LC.A.183,257.817,28.16,11.657,77.346,0.209,43.684,2.416,0.414,0.446,Crack
247LC.A.184,2961.02,78.731,47.886,125.039,0.36,81.545,1.644,0.608,0.801,Pore
247LC.A.185,419.134,29.216,18.266,16.495,0.683,31.635,1.599,0.625,0.877,Pore
247LC.A.186,941.875,35.793,33.504,168.208,0.899,37.415,1.068,0.936,0.948,Pore
247LC.A.187,223.695,51.238,5.559,136.892,0.154,59.865,9.218,0.108,0.524,Crack
247LC.A.188,1893.169,77.381,31.151,60.208,0.182,111.127,2.484,0.403,0.609,Pore with Crack
247LC.A.189,1371.605,48.906,35.709,154.005,0.146,76.448,1.37,0.73,0.485,Pore with Crack
247LC.A.190,1524.66,65.495,29.64,83.966,0.268,84.745,2.21,0.453,0.608,Pore with Crack
247LC.A.191,187.198,34.294,6.95,65.184,0.225,41.757,4.934,0.203,0.54,Crack
247LC.A.192,3353.075,69.807,61.158,147.708,0.885,71.325,1.141,0.876,0.965,Pore
247LC.A.193,279.03,19.696,18.038,101.218,0.932,20.843,1.092,0.916,0.928,Pore
247LC.A.194,322.592,28.857,14.233,141.552,0.561,32.261,2.027,0.493,0.822,Pore
247LC.A.195,7190.038,103.669,88.306,87.374,0.331,181.985,1.174,0.852,0.672,Pore with Crack
247LC.A.196,178.956,15.622,14.585,71.508,0.831,17.156,1.071,0.934,0.889,Pore
247LC.A.197,189.552,34.684,6.958,98.028,0.134,58.331,4.985,0.201,0.4,Crack
247LC.A.198,384.991,37.086,13.217,111.166,0.317,42.925,2.806,0.356,0.739,Crack
247LC.A.199,1080.802,38.054,36.163,47.747,0.85,40.381,1.052,0.95,0.945,Pore
247LC.A.200,1100.816,104.905,13.361,103.019,0.154,128.532,7.852,0.127,0.57,Crack
247LC.A.201,2175.731,58.051,47.721,162.063,0.834,59.914,1.216,0.822,0.945,Pore
247LC.A.202,908.909,41.178,28.104,146.679,0.174,63.954,1.465,0.682,0.413,Crack
247LC.A.203,412.07,52.118,10.067,58.087,0.119,79.654,5.177,0.193,0.354,Crack
247LC.A.204,593.381,62.147,12.157,73.866,0.2,78.425,5.112,0.196,0.608,Crack
247LC.A.205,1769.548,54.004,41.72,151.257,0.803,56.392,1.294,0.773,0.949,Pore
247LC.A.206,173.07,20.382,10.811,71.465,0.741,21.318,1.885,0.53,0.883,Pore
247LC.A.207,1165.57,41.424,35.826,39.768,0.815,43.794,1.156,0.865,0.938,Pore
247LC.A.208,108.316,16.145,8.542,4.809,0.503,19.41,1.89,0.529,0.713,Crack
247LC.A.209,118.912,23.038,6.572,100.299,0.36,25.331,3.505,0.285,0.654,Crack
247LC.A.210,158.941,26.148,7.74,66.6,0.375,31.09,3.378,0.296,0.691,Crack
247LC.A.211,122.444,12.975,12.016,122.821,0.801,15.649,1.08,0.926,0.893,Crack
247LC.A.212,687.569,83.493,10.485,105.43,0.151,102.157,7.963,0.126,0.499,Crack
247LC.A.213,133.04,23.465,7.219,47.172,0.347,28.481,3.251,0.308,0.611,Crack
247LC.A.214,174.247,31.723,6.994,66.731,0.321,36.908,4.536,0.22,0.731,Crack
247LC.A.215,547.465,69.295,10.059,74.987,0.102,104.914,6.889,0.145,0.366,Crack
247LC.A.216,260.193,57.482,5.763,87.38,0.129,70.737,9.974,0.1,0.555,Crack
247LC.A.217,151.877,26.989,7.165,174.857,0.446,27.664,3.767,0.265,0.784,Crack
247LC.A.218,210.745,21.742,12.341,80.635,0.626,25.168,1.762,0.568,0.829,Crack
247LC.A.219,210.745,43.299,6.197,73.545,0.155,52.173,6.987,0.143,0.517,Crack
247LC.A.220,332.011,47.565,8.887,102.6,0.275,52.173,5.352,0.187,0.638,Crack
247LC.A.221,372.041,57.758,8.201,85.756,0.09,94.456,7.042,0.142,0.315,Crack
247LC.A.222,198.971,27.931,9.07,52.847,0.422,31.298,3.08,0.325,0.665,Crack
247LC.A.223,1039.595,38.62,34.274,127.021,0.886,41.318,1.127,0.887,0.95,Pore
247LC.A.224,322.592,22.737,18.064,77.468,0.497,27.471,1.259,0.794,0.815,Pore
247LC.A.225,1550.562,46.347,42.597,75.098,0.711,54.177,1.088,0.919,0.911,Pore
247LC.A.226,1329.221,49.688,34.061,176.733,0.779,52.139,1.459,0.686,0.942,Pore
247LC.A.227,2908.039,70.763,52.324,175.601,0.249,87.46,1.352,0.739,0.659,Pore with Crack
247LC.A.228,535.691,26.976,25.284,144.336,0.924,28.295,1.067,0.937,0.944,Pore
247LC.A.229,956.003,52.726,23.086,77.517,0.103,89.588,2.284,0.438,0.376,Pore with Crack
247LC.A.230,1064.319,88.135,15.376,111.909,0.13,125.271,5.732,0.174,0.459,Crack
247LC.A.231,161.296,22.707,9.044,143.668,0.277,32.552,2.511,0.398,0.519,Crack
247LC.A.232,1932.021,59.351,41.447,162.086,0.389,89.212,1.432,0.698,0.724,Pore with Crack
247LC.A.233,430.908,49.433,11.099,69.357,0.24,60.071,4.454,0.225,0.547,Crack
247LC.A.234,117.734,24.182,6.199,78.865,0.512,24.019,3.901,0.256,0.858,Crack
247LC.A.235,271.966,39.396,8.79,92.22,0.25,44.487,4.482,0.223,0.583,Crack
247LC.A.236,973.663,91.941,13.484,85.855,0.098,130.658,6.819,0.147,0.358,Crack
247LC.A.237,200.148,32.438,7.856,63.185,0.32,39.452,4.129,0.242,0.698,Crack
247LC.A.238,287.272,48.327,7.569,82.301,0.23,52.801,6.385,0.157,0.646,Crack
247LC.A.239,857.106,118.99,9.171,97.192,0.122,133.015,12.974,0.077,0.503,Crack
247LC.A.240,427.376,50.914,10.688,71.48,0.179,67.457,4.764,0.21,0.495,Crack
247LC.A.241,1080.802,39.059,35.231,125.833,0.124,91.274,1.109,0.902,0.324,Crack
247LC.A.242,386.169,33.585,14.64,70.227,0.227,51.924,2.294,0.436,0.516,Crack
247LC.A.243,447.391,26.436,21.548,150.335,0.896,27.664,1.227,0.815,0.936,Pore
247LC.A.244,144.813,15.015,12.28,50.053,0.925,15.649,1.223,0.818,0.914,Pore
247LC.A.245,227.227,32.406,8.928,52.418,0.21,46.442,3.63,0.276,0.505,Crack
247LC.A.246,171.892,34.282,6.384,106.153,0.366,34.312,5.37,0.186,0.793,Crack
247LC.A.247,1174.989,42.054,35.574,27.864,0.632,52.263,1.182,0.846,0.845,Pore with Crack
247LC.A.248,436.795,24.427,22.768,56.936,0.803,27.727,1.073,0.932,0.91,Pore
247LC.A.249,505.08,67.678,9.502,86.166,0.207,76.024,7.122,0.14,0.655,Crack
247LC.A.250,359.09,46.693,9.792,71.678,0.188,55.857,4.769,0.21,0.484,Crack
247LC.A.251,1476.389,57.514,32.684,92.492,0.153,83.69,1.76,0.568,0.624,Crack
247LC.A.252,301.4,23.734,16.169,165.453,0.753,25.791,1.468,0.681,0.868,Pore
247LC.A.253,368.509,22.479,20.873,19.92,0.861,24.384,1.077,0.929,0.922,Pore
247LC.A.254,631.056,45.237,17.762,46.406,0.138,77.496,2.547,0.393,0.416,Crack
247LC.A.255,366.154,56.971,8.183,98.775,0.201,64.931,6.962,0.144,0.565,Crack
247LC.A.256,187.198,16.354,14.575,13.554,0.943,17.961,1.122,0.891,0.944,Pore
247LC.A.257,479.179,63.493,9.609,70.938,0.149,81.321,6.608,0.151,0.448,Crack
247LC.A.258,495.662,59.756,10.561,75.056,0.153,82.414,5.658,0.177,0.426,Crack
247LC.A.259,2792.659,78.953,45.036,104.375,0.196,110.867,1.753,0.57,0.585,Pore with Crack
247LC.A.260,141.281,29.398,6.119,62.37,0.408,29.115,4.804,0.208,0.743,Crack
247LC.A.261,279.03,36.114,9.837,73.217,0.153,60.85,3.671,0.272,0.405,Crack
247LC.A.262,447.391,26.144,21.788,137.609,0.876,27.664,1.2,0.833,0.944,Pore
247LC.A.263,566.302,64.131,11.243,91.819,0.234,66.755,5.704,0.175,0.625,Crack
247LC.A.264,1348.059,68.532,25.045,63.923,0.13,124.233,2.736,0.365,0.5,Pore with Crack
247LC.A.265,559.238,34.372,20.716,22.037,0.691,37.899,1.659,0.603,0.879,Pore
247LC.A.266,412.07,25.652,20.453,41.022,0.884,27.791,1.254,0.797,0.935,Pore
247LC.A.267,1630.621,47.415,43.787,44.336,0.819,49.498,1.083,0.923,0.947,Pore
247LC.A.268,667.554,33.871,25.094,132.918,0.541,39.897,1.35,0.741,0.77,Crack
247LC.A.269,1579.995,52.336,38.439,170.326,0.628,54.836,1.362,0.734,0.917,Pore
247LC.A.270,632.234,64.799,12.423,98.223,0.303,67.675,5.216,0.192,0.698,Crack
247LC.A.271,1004.274,38.524,33.192,165.522,0.86,39.838,1.161,0.862,0.941,Pore
247LC.A.272,786.466,32.586,30.729,16.268,0.879,35.543,1.06,0.943,0.946,Pore
247LC.A.273,1773.08,48.507,46.541,131.134,0.807,51.469,1.042,0.959,0.944,Pore
247LC.A.274,4589.286,89.858,65.028,41.772,0.366,129.794,1.382,0.724,0.734,Pore with Crack
247LC.A.275,257.838,34.349,9.557,103.924,0.447,34.261,3.594,0.278,0.722,Crack
247LC.A.276,215.454,39.41,6.961,59.075,0.311,40.946,5.662,0.177,0.684,Crack
247LC.A.277,1675.36,51.161,41.695,55.522,0.845,51.924,1.227,0.815,0.936,Pore
247LC.A.278,369.686,29.687,15.855,91.924,0.199,46.846,1.872,0.534,0.435,Crack
247LC.A.279,1196.181,86.147,17.679,84.709,0.141,119.425,4.873,0.205,0.44,Crack
247LC.A.280,102.429,12.243,10.652,63.499,0.882,13.596,1.149,0.87,0.883,Pore
247LC.A.281,355.558,59.712,7.582,56.437,0.152,75.752,7.876,0.127,0.488,Crack
247LC.A.282,208.39,38.548,6.883,104.387,0.206,46.771,5.6,0.179,0.524,Crack
247LC.A.283,376.75,23.343,20.55,51.796,0.941,24.743,1.136,0.88,0.95,Pore
247LC.A.284,215.454,17.773,15.435,32.56,0.953,18.95,1.152,0.868,0.934,Pore
247LC.A.285,2341.737,66.455,44.866,18.873,0.217,94.219,1.481,0.675,0.548,Pore with Crack
247LC.A.286,475.647,51.088,11.854,83.951,0.195,74.743,4.31,0.232,0.544,Crack
247LC.A.287,195.439,16.932,14.696,165.576,0.917,18.189,1.152,0.868,0.912,Pore
247LC.A.288,113.025,35.951,4.003,59.943,0.208,37.853,8.981,0.111,0.582,Crack
247LC.A.289,780.579,47.621,20.87,48.468,0.377,62.067,2.282,0.438,0.682,Pore with Crack
247LC.A.290,1028.998,42.192,31.052,7.069,0.64,44.062,1.359,0.736,0.909,Pore
247LC.A.291,1176.166,59.223,25.286,62.535,0.3,86.055,2.342,0.427,0.646,Pore with Crack
247LC.A.292,545.11,31.128,22.297,55.313,0.326,46.035,1.396,0.716,0.711,Pore with Crack
247LC.A.293,135.395,14.256,12.093,126.828,0.599,17.796,1.179,0.848,0.816,Crack
247LC.A.294,825.318,35.026,30.001,23.167,0.613,38.82,1.167,0.857,0.888,Pore
247LC.A.295,104.784,21.593,6.179,79.045,0.426,24.48,3.495,0.286,0.848,Crack
247LC.A.296,100.074,21.227,6.003,77.218,0.183,27.191,3.536,0.283,0.393,Crack
247LC.A.297,1578.818,49.987,40.215,40.701,0.34,83.09,1.243,0.804,0.679,Pore with Crack
247LC.A.298,2158.071,68.866,39.9,97.396,0.213,112.893,1.726,0.579,0.585,Pore with Crack
247LC.A.299,573.366,47.539,15.356,65.238,0.245,62.464,3.096,0.323,0.517,Pore with Crack
247LC.A.300,163.651,20.773,10.031,148.824,0.516,22.992,2.071,0.483,0.718,Crack
247LC.A.301,120.089,26.124,5.853,121.04,0.279,28.002,4.464,0.224,0.642,Crack
247LC.A.302,286.095,34.907,10.435,26.367,0.394,38.82,3.345,0.299,0.706,Crack
247LC.A.303,1757.774,50.229,44.557,141.689,0.844,52.979,1.127,0.887,0.952,Pore
247LC.A.304,118.912,35.575,4.256,85.286,0.218,37.289,8.359,0.12,0.66,Crack
247LC.A.305,108.316,15.238,9.05,112.199,0.568,17.156,1.684,0.594,0.719,Crack
713C.A.1,317.507,22.032,18.349,118.643,0.86,22.941,1.201,0.833,0.957,Pore
713C.A.2,431.369,55.99,9.809,30.358,0.094,88.025,5.708,0.175,0.339,Crack
713C.A.3,538.695,43.192,15.88,2.748,0.078,82.099,2.72,0.368,0.277,Crack
713C.A.4,276.571,41.757,8.433,165.822,0.224,48.297,4.952,0.202,0.503,Crack
713C.A.5,210.525,25.68,10.438,172.875,0.116,49.687,2.46,0.406,0.27,Crack
713C.A.6,315.787,52.256,7.694,91.807,0.122,66.442,6.792,0.147,0.466,Crack
713C.A.7,207.773,19.239,13.75,119.72,0.082,38.123,1.399,0.715,0.328,Crack
713C.A.8,249.74,31.18,10.198,154.172,0.148,40.231,3.057,0.327,0.423,Crack
713C.A.9,1066.382,54.343,24.985,121.887,0.1,93.063,2.175,0.46,0.38,Pore with Crack
713C.A.10,216.028,37.088,7.416,76.567,0.177,51.013,5.001,0.2,0.497,Crack
713C.A.11,1169.237,53.046,28.065,99.252,0.115,81.651,1.89,0.529,0.452,Pore with Crack
713C.A.12,1585.47,50.525,39.954,153.617,0.018,157.703,1.265,0.791,0.166,Crack
713C.A.13,217.06,31.27,8.838,3.464,0.089,53.53,3.538,0.283,0.24,Crack
713C.A.14,303.747,28.726,13.463,167.13,0.074,65.482,2.134,0.469,0.225,Crack
713C.A.15,361.882,25.982,17.734,3.798,0.158,40.145,1.465,0.683,0.464,Crack
713C.A.16,364.978,26.065,17.829,35.643,0.742,26.601,1.462,0.684,0.88,Pore
713C.A.17,105.606,34.45,3.903,23.682,0.149,41.394,8.826,0.113,0.481,Crack
713C.A.18,146.542,22.748,8.202,18.905,0.362,28.763,2.773,0.361,0.644,Crack
713C.A.19,116.958,25.285,5.889,33.199,0.211,32.787,4.293,0.233,0.454,Crack
713C.A.20,245.612,18.16,17.221,137.027,0.877,19.417,1.055,0.948,0.942,Pore
713C.A.21,734.772,63.115,14.823,11.214,0.033,152.639,4.258,0.235,0.18,Crack
713C.A.22,933.257,104.474,11.374,111.666,0.061,149.237,9.186,0.109,0.366,Crack
713C.A.23,369.794,28.43,16.561,97.869,0.729,29.019,1.717,0.583,0.909,Pore
713C.A.24,500.856,39.07,16.322,150.708,0.068,77.75,2.394,0.418,0.224,Crack
713C.A.25,374.61,22.358,21.333,46.105,0.909,22.904,1.048,0.954,0.961,Pore
713C.A.26,1017.191,89.15,14.528,29.928,0.05,169.91,6.137,0.163,0.205,Pore with Crack
713C.A.27,411.073,50.337,10.398,24.391,0.071,82.54,4.841,0.207,0.266,Crack
713C.A.28,581.006,52.866,13.993,169.641,0.086,87.461,3.778,0.265,0.364,Crack
713C.A.29,348.122,23.031,19.246,91.223,0.171,36.083,1.197,0.836,0.609,Crack
713C.A.30,106.982,12.649,10.768,172.49,0.932,13.18,1.175,0.851,0.944,Pore
713C.A.31,1071.886,42.005,32.491,160.706,0.604,43.108,1.293,0.774,0.861,Pore
713C.A.32,202.613,34.068,7.572,91.119,0.124,58.757,4.499,0.222,0.335,Crack
713C.A.33,257.996,27.126,12.11,106.716,0.086,52.515,2.24,0.446,0.251,Crack
713C.A.34,187.133,40.692,5.855,169.541,0.151,47.684,6.949,0.144,0.478,Crack
713C.A.35,561.055,47.584,15.012,126.766,0.08,79.586,3.17,0.315,0.325,Crack
713C.A.36,107.326,16.265,8.402,115.753,0.155,27.87,1.936,0.517,0.434,Crack
713C.A.37,797.379,51.464,19.727,36.959,0.034,126.297,2.609,0.383,0.168,Crack
713C.A.38,107.67,22.337,6.137,30.607,0.217,29.518,3.639,0.275,0.465,Crack
713C.A.39,336.426,57.399,7.463,171.159,0.068,78.378,7.691,0.13,0.283,Crack
713C.A.40,214.996,42.995,6.367,135.002,0.138,53.578,6.753,0.148,0.485,Crack
713C.A.41,168.557,37.51,5.721,133.36,0.194,40.719,6.556,0.153,0.454,Crack
713C.A.42,390.434,42.308,11.75,125.573,0.066,90.441,3.601,0.278,0.259,Crack
713C.A.43,252.492,37.729,8.521,155.309,0.107,57.759,4.428,0.226,0.282,Crack
713C.A.44,178.877,34.934,6.52,163.106,0.209,40.145,5.358,0.187,0.557,Crack
713C.A.45,109.39,19.449,7.161,95.387,0.289,25.893,2.716,0.368,0.585,Crack
713C.A.46,4497.037,99.012,57.829,145.854,0.036,178.635,1.712,0.584,0.327,Pore with Crack
713C.A.47,337.802,21.051,20.432,10.066,0.867,22.202,1.03,0.971,0.95,Pore
713C.A.48,242.516,40.292,7.663,14.187,0.137,58.431,5.258,0.19,0.409,Crack
713C.A.49,412.105,48.195,10.887,106.75,0.167,66.486,4.427,0.226,0.455,Crack
713C.A.50,234.26,23.118,12.902,164.179,0.133,43.215,1.792,0.558,0.374,Crack
713C.A.51,103.886,25.618,5.163,16.967,0.25,29.454,4.961,0.202,0.561,Crack
713C.A.52,132.438,14.646,11.514,99.048,0.483,17.049,1.272,0.786,0.772,Pore
713C.A.53,239.764,36.113,8.453,7.986,0.174,45.541,4.272,0.234,0.423,Crack
713C.A.54,117.302,22.123,6.751,109.862,0.202,27.864,3.277,0.305,0.467,Crack
713C.A.55,248.708,27.871,11.362,147.698,0.074,59.177,2.453,0.408,0.262,Crack
713C.A.56,2347.073,71.598,41.738,98.061,0.119,124.771,1.715,0.583,0.408,Pore with Crack
713C.A.57,138.974,20.343,8.698,112.742,0.274,23.113,2.339,0.428,0.662,Pore with Crack
713C.A.58,138.974,23.239,7.614,59.854,0.193,30.067,3.052,0.328,0.427,Crack
713C.A.59,1274.155,45.208,35.886,157.213,0.464,62.789,1.26,0.794,0.813,Pore with Crack
713C.A.60,793.251,66.718,15.138,179.966,0.115,105.97,4.407,0.227,0.386,Pore with Crack
713C.A.61,171.309,22.392,9.741,71.467,0.167,38.891,2.299,0.435,0.353,Crack
713C.A.62,316.475,49.87,8.08,156.806,0.079,93.566,6.172,0.162,0.252,Crack
713C.A.63,1064.662,51.781,26.179,94.819,0.089,89.03,1.978,0.506,0.371,Pore with Crack
713C.A.64,352.594,26.47,16.96,40.194,0.062,67.703,1.561,0.641,0.202,Crack
713C.A.65,510.144,39.049,16.634,104.631,0.062,83.417,2.348,0.426,0.234,Crack
713C.A.66,230.132,22.443,13.056,41.915,0.429,24.246,1.719,0.582,0.745,Pore
713C.A.67,382.866,43.822,11.124,110.26,0.068,72.122,3.939,0.254,0.28,Crack
713C.A.68,496.728,33.253,19.02,44.442,0.058,70.735,1.748,0.572,0.232,Crack
713C.A.69,447.881,40.011,14.253,116.313,0.062,77.143,2.807,0.356,0.221,Crack
713C.A.70,158.925,28.88,7.007,140.595,0.273,34.485,4.122,0.243,0.574,Crack
713C.A.71,434.465,52.601,10.517,113.169,0.131,73.011,5.002,0.2,0.503,Crack
713C.A.72,295.835,38.616,9.754,124.429,0.114,71.95,3.959,0.253,0.351,Crack
713C.A.73,356.378,31.783,14.277,146.128,0.061,72.843,2.226,0.449,0.2,Crack
713C.A.74,117.99,24.625,6.101,170.263,0.116,36.42,4.036,0.248,0.326,Crack
713C.A.75,551.079,28.482,24.635,124.152,0.679,31.091,1.156,0.865,0.924,Pore
713C.A.76,124.182,27.472,5.756,148.227,0.226,33.718,4.773,0.21,0.521,Crack
713C.A.77,1379.073,51.446,34.131,71.592,0.102,97.483,1.507,0.663,0.325,Pore with Crack
713C.A.78,103.542,30.491,4.324,63.399,0.232,32.529,7.052,0.142,0.627,Crack
713C.A.79,1126.925,54.988,26.094,175.821,0.224,90.187,2.107,0.475,0.505,Pore with Crack
713C.A.80,246.644,18.457,17.015,85.297,0.916,19.212,1.085,0.922,0.957,Pore
713C.A.81,106.638,16.792,8.086,55.109,0.242,24.282,2.077,0.482,0.576,Crack
713C.A.82,602.678,28.582,26.847,169.151,0.906,29.889,1.065,0.939,0.966,Pore
713C.A.83,226.348,38.08,7.568,170.358,0.079,63.218,5.032,0.199,0.294,Crack
713C.A.84,608.526,47.469,16.322,140.025,0.05,102.905,2.908,0.344,0.179,Crack
713C.A.85,469.552,74.578,8.016,96.182,0.096,104.524,9.303,0.107,0.436,Crack
713C.A.86,1095.622,55.508,25.131,100.441,0.239,74.397,2.209,0.453,0.601,Pore with Crack
713C.A.87,237.7,51.622,5.863,79.466,0.166,53.914,8.805,0.114,0.544,Crack
713C.A.88,168.901,17.927,11.996,125.426,0.064,47.46,1.494,0.669,0.189,Crack
713C.A.89,357.754,22.471,20.271,174.954,0.883,23.202,1.109,0.902,0.951,Pore
713C.A.90,113.518,16.841,8.582,154.723,0.211,23.372,1.962,0.51,0.53,Crack
713C.A.91,408.665,26.066,19.962,81.906,0.144,47.395,1.306,0.766,0.398,Crack
713C.A.92,144.478,20.776,8.854,102.975,0.15,26.36,2.346,0.426,0.566,Crack
713C.A.93,2469.535,67.198,46.791,12.89,0.166,101.703,1.436,0.696,0.505,Pore with Crack
713C.A.94,651.525,38.654,21.461,132.94,0.11,59.7,1.801,0.555,0.379,Pore with Crack
713C.A.95,109.39,32.539,4.28,163.029,0.196,37.141,7.602,0.132,0.569,Crack
713C.A.96,163.053,48.001,4.325,134.072,0.093,64.83,11.098,0.09,0.38,Crack
713C.A.97,116.27,23.892,6.196,172.29,0.301,27.722,3.856,0.259,0.629,Crack
713C.A.98,498.792,48.217,13.171,138.301,0.07,103.256,3.661,0.273,0.212,Crack
713C.A.99,416.233,64.062,8.273,144.618,0.163,74.729,7.744,0.129,0.495,Crack
713C.A.100,1208.452,57.962,26.546,135.544,0.228,89.329,2.183,0.458,0.614,Pore with Crack
713C.A.101,184.725,28.792,8.169,99.785,0.143,46.954,3.525,0.284,0.352,Crack
713C.A.102,706.908,64.136,14.034,158.498,0.067,115.846,4.57,0.219,0.262,Crack
713C.A.103,474.712,37.294,16.207,118.141,0.041,110.857,2.301,0.435,0.111,Crack
713C.A.104,1344.674,90.014,19.02,127.58,0.029,183.901,4.733,0.211,0.192,Crack
713C.A.105,1013.063,40.843,31.581,21.859,0.449,55.919,1.293,0.773,0.746,Pore with Crack
713C.A.106,160.989,20.857,9.828,83.23,0.113,38.59,2.122,0.471,0.341,Crack
713C.A.107,827.65,33.346,31.602,117.34,0.588,41.077,1.055,0.948,0.884,Pore with Crack
713C.A.108,816.986,49.017,21.221,136.256,0.129,72.281,2.31,0.433,0.46,Pore with Crack
713C.A.109,334.018,34.408,12.36,112.649,0.072,70.391,2.784,0.359,0.254,Crack
713C.A.110,406.945,67.719,7.651,67.232,0.053,117.807,8.851,0.113,0.237,Crack
713C.A.111,252.148,35.22,9.115,111.323,0.085,61.205,3.864,0.259,0.283,Crack
713C.A.112,144.134,14.277,12.854,178.746,0.152,29.137,1.111,0.9,0.378,Crack
713C.A.113,275.539,27.45,12.781,145.498,0.097,56.026,2.148,0.466,0.236,Crack
713C.A.114,230.476,50.814,5.775,157.486,0.134,62.691,8.799,0.114,0.484,Crack
713C.A.115,144.478,31.798,5.785,173.033,0.11,45.706,5.497,0.182,0.317,Crack
713C.A.116,108.702,15.74,8.793,51.122,0.313,21.025,1.79,0.559,0.631,Crack
713C.A.117,280.699,49.601,7.205,118.808,0.136,64.527,6.884,0.145,0.474,Crack
713C.A.118,113.862,31.414,4.615,9.15,0.145,42.719,6.807,0.147,0.459,Crack
713C.A.119,118.334,31.165,4.835,121.146,0.166,40.947,6.446,0.155,0.423,Crack
713C.A.120,555.551,39.347,17.977,15.784,0.049,117.214,2.189,0.457,0.17,Crack
713C.A.121,124.87,22.435,7.087,153.71,0.126,35.196,3.166,0.316,0.457,Crack
713C.A.122,239.764,47.682,6.402,72.194,0.119,56.017,7.448,0.134,0.451,Crack
713C.A.123,444.785,29.261,19.354,47.871,0.059,63.617,1.512,0.661,0.196,Crack
713C.A.124,151.357,30.922,6.232,77.444,0.166,42.521,4.962,0.202,0.47,Crack
713C.A.125,138.974,23.917,7.398,114.897,0.191,30.617,3.233,0.309,0.425,Crack
713C.A.126,109.39,12.479,11.161,149.26,0.166,20.803,1.118,0.894,0.468,Crack
713C.A.127,103.886,24.191,5.468,34,0.356,24.745,4.424,0.226,0.676,Crack
713C.A.128,2746.106,62.786,55.689,24.799,0.209,100.348,1.127,0.887,0.58,Pore with Crack
713C.A.129,751.628,60.721,15.761,101.257,0.077,94.754,3.853,0.26,0.378,Crack
713C.A.130,152.733,19.116,10.173,104.581,0.562,21.733,1.879,0.532,0.839,Pore with Crack
713C.A.131,171.309,23.341,9.345,14.186,0.191,27.684,2.498,0.4,0.519,Crack
713C.A.132,415.889,58.123,9.11,57.869,0.092,80.043,6.38,0.157,0.381,Crack
713C.A.133,154.109,24.358,8.055,119.386,0.143,36.992,3.024,0.331,0.428,Crack
713C.A.134,768.483,47.584,20.563,165.701,0.055,96.516,2.314,0.432,0.228,Crack
713C.A.135,393.873,53.804,9.321,59.899,0.138,68.31,5.772,0.173,0.538,Crack
713C.A.136,160.989,26.709,7.674,60.784,0.111,41.227,3.48,0.287,0.301,Crack
713C.A.137,407.633,73.577,7.054,156.064,0.125,83.975,10.431,0.096,0.435,Crack
713C.A.138,669.413,36.397,23.418,73.944,0.489,43.528,1.554,0.643,0.798,Pore with Crack
713C.A.139,624.35,85.212,9.329,108.14,0.05,143.876,9.134,0.109,0.238,Crack
713C.A.140,346.746,44.49,9.923,123.282,0.082,72.928,4.483,0.223,0.309,Crack
713C.A.141,111.798,29.948,4.753,73.487,0.217,35.078,6.301,0.159,0.568,Crack
713C.A.142,103.886,22.074,5.992,158.133,0.395,22.814,3.684,0.271,0.739,Crack
713C.A.143,323.699,34.106,12.084,73.216,0.095,58.61,2.822,0.354,0.363,Crack
713C.A.144,342.274,35.247,12.364,141.644,0.114,54.077,2.851,0.351,0.338,Crack
713C.A.145,772.267,38.907,25.273,100.75,0.071,90.294,1.539,0.65,0.263,Crack
713C.A.146,474.368,25.526,23.662,14.379,0.884,26.36,1.079,0.927,0.959,Pore
713C.A.147,544.199,64.788,10.695,171.18,0.082,105.978,6.058,0.165,0.349,Crack
713C.A.148,1449.592,60.33,30.593,17.805,0.237,88.187,1.972,0.507,0.582,Pore with Crack
713C.A.149,357.41,31.313,14.533,44.185,0.12,62.408,2.155,0.464,0.272,Crack
713C.A.150,115.582,31.047,4.74,147.153,0.181,36.482,6.55,0.153,0.481,Crack
713C.A.151,218.78,44.041,6.325,81.601,0.108,56.026,6.963,0.144,0.398,Crack
713C.A.152,257.652,33.493,9.795,166.747,0.115,52.932,3.42,0.292,0.384,Crack
713C.A.153,2391.792,137.939,22.077,140.192,0.059,191.26,6.248,0.16,0.315,Pore with Crack
713C.A.154,138.286,29.449,5.979,37.024,0.231,35.463,4.926,0.203,0.568,Crack
713C.A.155,1375.633,83.792,20.903,2.159,0.122,120.142,4.009,0.249,0.427,Pore with Crack
713C.A.156,120.742,23.761,6.47,116.02,0.112,39.87,3.672,0.272,0.453,Crack
713C.A.157,496.04,25.695,24.58,11.907,0.903,26.807,1.045,0.957,0.964,Pore
713C.A.158,320.947,38.753,10.545,102.022,0.092,77.244,3.675,0.272,0.28,Crack
713C.A.159,191.261,36.231,6.721,39.768,0.167,48.34,5.39,0.186,0.394,Crack
713C.A.160,1036.799,67.208,19.642,50.998,0.043,171.458,3.422,0.292,0.18,Crack
713C.A.161,294.115,32.123,11.657,119.514,0.062,83.005,2.756,0.363,0.192,Crack
713C.A.162,662.189,87.156,9.674,37.904,0.064,146.783,9.009,0.111,0.24,Crack
713C.A.163,229.1,45.401,6.425,65.222,0.135,56.427,7.066,0.142,0.388,Crack
713C.A.164,507.736,42.878,15.077,0.31,0.054,96.538,2.844,0.352,0.199,Crack
713C.A.165,271.068,46.409,7.437,162.119,0.097,63.441,6.24,0.16,0.327,Crack
713C.A.166,156.517,34.562,5.766,122.42,0.079,51.803,5.994,0.167,0.325,Crack
713C.A.167,369.794,35.584,13.232,25.915,0.106,61.795,2.689,0.372,0.289,Crack
713C.A.168,723.42,61.431,14.994,95.652,0.063,120.11,4.097,0.244,0.265,Crack
713C.A.169,141.038,23.596,7.61,16.037,0.116,43.828,3.101,0.323,0.267,Crack
713C.A.170,362.914,49.503,9.334,160.804,0.112,65.113,5.303,0.189,0.335,Crack
713C.A.171,875.809,48.738,22.88,153.057,0.049,108.593,2.13,0.469,0.188,Crack
713C.A.172,1021.663,42.865,30.347,163.468,0.725,45.378,1.412,0.708,0.945,Pore
713C.A.173,216.372,29.892,9.216,12.352,0.113,50.851,3.243,0.308,0.332,Crack
713C.A.174,100.79,21.731,5.905,116.103,0.145,30.734,3.68,0.272,0.385,Crack
713C.A.175,266.94,19.682,17.269,110.435,0.174,32.151,1.14,0.877,0.461,Crack
713C.A.176,127.966,33.067,4.927,158.37,0.18,40.69,6.711,0.149,0.49,Crack
713C.A.177,751.284,49.83,19.197,145.666,0.068,100.309,2.596,0.385,0.255,Crack
713C.A.178,1110.07,38.973,36.266,34.055,0.689,47.54,1.075,0.931,0.914,Pore
713C.A.179,516.679,37.615,17.489,108.967,0.103,76.96,2.151,0.465,0.276,Crack
713C.A.180,112.83,20.938,6.861,70.839,0.311,25.706,3.052,0.328,0.671,Crack
713C.A.181,105.606,17.217,7.81,18.827,0.157,28.667,2.205,0.454,0.39,Crack
713C.A.182,115.238,23.492,6.246,129.839,0.415,23.358,3.761,0.266,0.694,Crack
713C.A.183,128.31,30.258,5.399,134.716,0.213,34.544,5.604,0.178,0.526,Crack
713C.A.184,289.987,30.133,12.253,122.64,0.117,56.14,2.459,0.407,0.32,Crack
713C.A.185,104.918,24.901,5.365,166.357,0.341,26.23,4.641,0.215,0.694,Crack
713C.A.186,534.223,62.642,10.858,166.867,0.113,89.261,5.769,0.173,0.388,Crack
713C.A.187,402.129,41.043,12.475,157.875,0.129,56.637,3.29,0.304,0.435,Crack
713C.A.188,121.774,22.724,6.823,143.487,0.19,33.611,3.331,0.3,0.438,Crack
713C.A.189,240.796,26.896,11.399,91.651,0.156,47.666,2.359,0.424,0.38,Crack
713C.A.190,256.276,31.373,10.401,134.211,0.114,54.785,3.016,0.332,0.323,Crack
713C.A.191,155.141,22.435,8.805,112.648,0.162,37.066,2.548,0.392,0.363,Crack
713C.A.192,108.702,12.542,11.036,3.253,0.728,14.186,1.136,0.88,0.873,Pore
713C.A.193,119.366,32.441,4.685,159.458,0.204,36.05,6.925,0.144,0.647,Crack
LR8.A.1,19959.252,227.336,111.786,33.439,0.122,376.049,2.034,0.492,0.407,Lack of Fusion
LR8.A.2,1199.242,54.411,28.063,33.116,0.358,67.005,1.939,0.516,0.732,Lack of Fusion
LR8.A.3,8080.122,170.2,60.446,150.261,0.264,200.338,2.816,0.355,0.606,Lack of Fusion
LR8.A.4,9680.719,207.056,59.529,88.914,0.281,225.259,3.478,0.288,0.624,Lack of Fusion
LR8.A.5,27101.675,296.288,116.464,177.763,0.082,525.089,2.544,0.393,0.381,Lack of Fusion
LR8.A.6,151.864,14.443,13.388,11.809,0.988,15.291,1.079,0.927,0.944,Pore
LR8.A.7,87.985,10.78,10.392,37.34,0.291,14.77,1.037,0.964,0.692,Pore
LR8.A.8,737.625,38.089,24.657,49.098,0.605,47.665,1.545,0.647,0.872,Lack of Fusion
LR8.A.9,156.685,14.231,14.019,10.01,0.935,15.833,1.015,0.985,0.935,Pore
LR8.A.10,2382.816,83.473,36.346,147.942,0.292,105.588,2.297,0.435,0.565,Lack of Fusion
LR8.A.11,104.858,12.527,10.658,171.899,0.842,13.887,1.175,0.851,0.802,Pore
LR8.A.12,48.211,9.201,6.671,162.853,0.906,10.357,1.379,0.725,0.879,Pore
LR8.A.13,14.463,5.976,3.081,162.007,1,6.401,1.939,0.516,0.889,Pore
LR8.A.14,27.721,7.739,4.561,59.631,0.824,8.574,1.697,0.589,0.821,Pore
LR8.A.15,520.676,37.281,17.782,6.627,0.7,38.675,2.097,0.477,0.9,Lack of Fusion
LR8.A.16,17792.178,232.45,97.456,26.268,0.135,336.61,2.385,0.419,0.484,Lack of Fusion
LR8.A.17,54.237,8.915,7.747,114.875,1,9.819,1.151,0.869,0.918,Pore
LR8.A.18,4856.028,122.301,50.555,20.976,0.452,135.178,2.419,0.413,0.75,Lack of Fusion
LR8.A.19,366.402,21.88,21.321,148.778,0.603,27.99,1.026,0.974,0.826,Lack of Fusion
LR8.A.20,4143.714,101.521,51.969,153.501,0.297,125.597,1.953,0.512,0.561,Lack of Fusion
LR8.A.21,7943.927,164.19,61.603,142.153,0.22,206.246,2.665,0.375,0.589,Lack of Fusion
LR8.A.22,69.906,10.039,8.866,65.685,0.905,11.303,1.132,0.883,0.853,Pore
LR8.A.23,6066.118,108.278,71.331,79.307,0.59,115.697,1.518,0.659,0.836,Lack of Fusion
LR8.A.24,16126.497,210.573,97.51,115.287,0.176,285.561,2.16,0.463,0.52,Lack of Fusion
LR8.A.25,84.369,11.687,9.192,137.588,0.938,12.517,1.271,0.786,0.87,Pore
LR8.A.26,7135.191,137.266,66.184,28.935,0.292,181.61,2.074,0.482,0.601,Lack of Fusion
LR8.A.27,740.035,56.004,16.824,67.663,0.404,58.465,3.329,0.3,0.674,Lack of Fusion
LR8.A.28,2364.737,66.911,44.998,90.057,0.658,78.463,1.487,0.673,0.901,Lack of Fusion
LR8.A.29,868.999,66.634,16.605,91.275,0.364,69.33,4.013,0.249,0.773,Lack of Fusion
LR8.A.30,1944.099,81.209,30.481,83.997,0.293,88.279,2.664,0.375,0.724,Lack of Fusion
LR8.A.31,21881.655,231.617,120.287,169.763,0.188,309.486,1.926,0.519,0.591,Lack of Fusion
LR8.A.32,21.695,5.872,4.704,0,1,6.401,1.248,0.801,0.947,Pore
LR8.A.33,16308.492,207.908,99.874,17.012,0.305,261.751,2.082,0.48,0.695,Lack of Fusion
LR8.A.34,20.49,5.71,4.569,45,0.985,6.401,1.25,0.8,0.829,Pore
LR8.A.35,8542.945,180.728,60.186,131.264,0.263,233.821,3.003,0.333,0.609,Lack of Fusion
LR8.A.36,214.538,17.4,15.699,73.147,0.959,18.272,1.108,0.902,0.937,Pore
LR8.A.37,5291.13,112.058,60.12,62.86,0.377,136.716,1.864,0.537,0.705,Lack of Fusion
LR8.A.38,13762.965,235.37,74.451,169.759,0.232,263.495,3.161,0.316,0.577,Lack of Fusion
LR8.A.39,497.776,40.033,15.831,156.868,0.403,51.177,2.529,0.395,0.803,Lack of Fusion
LR8.A.40,1253.48,60.299,26.468,178.233,0.5,67.399,2.278,0.439,0.785,Lack of Fusion
LR8.A.41,6318.019,119.426,67.358,148.789,0.183,215.539,1.773,0.564,0.382,Lack of Fusion
LR8.A.42,1253.48,51.313,31.103,110.572,0.443,67.113,1.65,0.606,0.775,Lack of Fusion
LR8.A.43,9849.457,157.054,79.85,12.259,0.555,169.425,1.967,0.508,0.888,Lack of Fusion
LR8.A.44,3892.57,124.443,39.827,164.789,0.279,149.576,3.125,0.32,0.817,Lack of Fusion
LR8.A.45,195370.23,950.344,261.751,7.325,0.159,1101.061,3.631,0.275,0.495,Lack of Fusion
LR8.A.46,332.75,21.642,19.576,40.734,0.936,22.89,1.106,0.905,0.939,Pore
LR8.A.47,5423.22,145.577,47.432,122.119,0.522,148.667,3.069,0.326,0.919,Lack of Fusion
LR8.A.48,10770.21,220.323,62.241,73.784,0.245,235.785,3.54,0.282,0.608,Lack of Fusion
LR8.A.49,30162.88,439.369,87.409,96.86,0.195,522.222,5.027,0.199,0.6,Lack of Fusion
LR8.A.50,10157.95,305.555,42.328,18.296,0.215,325.607,7.219,0.139,0.7,Lack of Fusion
LR8.A.51,10157.95,163.243,79.228,154.195,0.538,184.016,2.06,0.485,0.882,Lack of Fusion
LR8.A.52,1392.71,45.043,39.368,140.176,0.909,46.617,1.144,0.874,0.962,Pore
LR8.A.53,98639.2,491.99,255.272,55.493,0.088,739.385,1.927,0.519,0.445,Lack of Fusion
LR8.A.54,11377.63,198.461,72.994,88.413,0.22,286.076,2.719,0.368,0.514,Lack of Fusion
LR8.A.55,5700.31,131.645,55.132,125.772,0.472,134.326,2.388,0.419,0.745,Lack of Fusion
LR8.A.56,22697.18,295.035,97.951,100.332,0.304,331.19,3.012,0.332,0.647,Lack of Fusion
LR8.A.57,23512.72,274.455,109.079,143.423,0.304,329.04,2.516,0.397,0.578,Lack of Fusion
LR8.A.58,33939.29,278.52,155.151,154.418,0.221,410.057,1.795,0.557,0.543,Lack of Fusion
LR8.A.59,5190.9,125.708,52.576,118.813,0.366,148.504,2.391,0.418,0.728,Lack of Fusion
LR8.A.60,149731.45,801.746,237.786,18.759,0.112,1206.062,3.372,0.297,0.393,Lack of Fusion
LR8.A.61,49989.94,416.168,152.941,27.179,0.296,547.859,2.721,0.367,0.661,Lack of Fusion
LR8.A.62,14912.04,275.887,68.82,116.923,0.201,346.87,4.009,0.249,0.409,Lack of Fusion
LR8.A.63,25929.09,322.239,102.452,21.378,0.352,349.698,3.145,0.318,0.645,Lack of Fusion
LR8.A.64,37502.74,272.197,175.424,50.383,0.179,461.593,1.552,0.644,0.474,Lack of Fusion
LR8.A.65,4745.62,165.059,36.607,90.04,0.406,160.045,4.509,0.222,0.868,Lack of Fusion
LR8.A.66,44149.27,464.866,120.922,18.637,0.227,626.53,3.844,0.26,0.716,Lack of Fusion
LR8.A.67,60789.19,340.467,227.332,50.064,0.211,499.784,1.498,0.668,0.578,Lack of Fusion
LR8.A.68,16356.78,187.431,111.114,74.386,0.191,278.17,1.687,0.593,0.581,Lack of Fusion
LR8.A.69,294.03,20.958,17.863,162.451,0.928,22.273,1.173,0.852,0.935,Pore
LR8.A.70,87341.43,375.095,296.476,138.888,0.134,614.572,1.265,0.79,0.426,Lack of Fusion
LR8.A.71,531.19,30.537,22.148,66.295,0.884,31.729,1.379,0.725,0.949,Pore
LR8.A.72,1931.16,52.401,46.924,37.956,0.881,54.347,1.117,0.895,0.959,Pore
LR8.A.73,688.49,30.305,28.926,174.382,0.952,32.07,1.048,0.955,0.965,Pore
LR8.A.74,292.82,19.413,19.205,100.724,0.924,20.755,1.011,0.989,0.922,Pore
LR8.A.75,2619.65,107.576,31.006,20.353,0.223,129.057,3.47,0.288,0.496,Lack of Fusion
LR8.A.76,24668.27,410.636,76.488,1.137,0.153,455.15,5.369,0.186,0.504,Lack of Fusion
LR8.A.77,154607.75,622.443,316.258,43.055,0.073,995.191,1.968,0.508,0.408,Lack of Fusion
LR8.A.78,1312.85,72.739,22.98,88.62,0.517,74.101,3.165,0.316,0.833,Lack of Fusion
LR8.A.79,99418.44,646.945,195.663,34.026,0.128,860.065,3.306,0.302,0.531,Lack of Fusion
LR8.A.80,130626.76,669.281,248.504,105.344,0.083,953.751,2.693,0.371,0.402,Lack of Fusion
LR8.A.81,114.95,13.328,10.981,153.563,0.89,14.962,1.214,0.824,0.9,Pore
LR8.A.82,32504.23,225.862,183.235,127.126,0.652,271.513,1.233,0.811,0.9,Lack of Fusion
LR8.A.83,632.83,28.938,27.843,97.535,0.899,30.024,1.039,0.962,0.941,Pore
LR8.A.84,22168.41,237.649,118.771,41.432,0.496,262.098,2.001,0.5,0.761,Lack of Fusion
LR8.A.85,32328.78,344.079,119.63,172.964,0.242,418.093,2.876,0.348,0.511,Lack of Fusion
LR8.A.86,6087.51,128.616,60.264,149.006,0.425,147.699,2.134,0.469,0.683,Lack of Fusion
LR8.A.87,36261.28,262.664,175.773,83.88,0.217,406.424,1.494,0.669,0.465,Lack of Fusion
LR8.A.88,10138.59,139.182,92.748,154.88,0.405,176.672,1.501,0.666,0.74,Lack of Fusion
LR8.A.89,442.86,28.084,20.078,45.549,0.825,30.024,1.399,0.715,0.928,Pore
LR8.A.90,18660.62,174.682,136.015,7.675,0.257,218.809,1.284,0.779,0.711,Lack of Fusion
LR8.A.91,10777.47,164.049,83.647,135.67,0.64,168.358,1.961,0.51,0.894,Lack of Fusion
LR8.A.92,2248.18,78.642,36.399,85.224,0.649,81.05,2.161,0.463,0.913,Lack of Fusion
